Season,Onset Shift (Weeks)
Monsoon,-0.27777777777777807
Post-Monsoon,0.10000000000000024
Summer,0.2999999999999993
Winter,-0.06666666666666667
