Season,Onset Shift (Weeks)
Monsoon,-0.3488888888888891
Post-Monsoon,-0.019444444444444285
Summer,0.3211111111111105
Winter,-0.125
